{
  "mapSize": {
    "x": 13,
    "y": 8,
    "magnitude": 15.2643375,
    "sqrMagnitude": 233
  },
  "mapData": [
    0,
    0,
    0,
    0,
    0,
    0,
    0,
    0,
    0,
    0,
    0,
    0,
    0,
    0,
    0,
    0,
    0,
    0,
    0,
    0,
    0,
    0,
    0,
    0,
    0,
    0,
    0,
    0,
    0,
    0,
    0,
    0,
    0,
    0,
    0,
    0,
    0,
    0,
    0,
    0,
    0,
    0,
    0,
    0,
    1,
    0,
    1,
    0,
    0,
    0,
    0,
    0,
    0,
    0,
    0,
    1,
    0,
    1,
    0,
    1,
    0,
    1,
    0,
    0,
    0,
    0,
    1,
    10,
    1,
    10,
    1,
    10,
    1,
    10,
    1,
    10,
    1,
    0,
    1,
    10,
    0,
    10,
    0,
    10,
    0,
    10,
    0,
    10,
    0,
    10,
    1,
    1,
    1,
    1,
    1,
    1,
    1,
    1,
    1,
    1,
    1,
    1,
    1,
    1
  ],
  "playerPosition": {
    "x": -6,
    "y": 1,
    "magnitude": 6.08276272,
    "sqrMagnitude": 37
  }
}