{
  "mapSize": {
    "x": 15,
    "y": 10,
    "magnitude": 18.0277557,
    "sqrMagnitude": 325
  },
  "mapData": [
    0,
    0,
    0,
    0,
    0,
    0,
    0,
    0,
    0,
    0,
    0,
    0,
    0,
    0,
    0,
    0,
    0,
    0,
    0,
    0,
    0,
    0,
    0,
    0,
    0,
    0,
    0,
    0,
    0,
    0,
    0,
    0,
    0,
    0,
    0,
    0,
    0,
    0,
    0,
    0,
    0,
    0,
    0,
    0,
    0,
    0,
    0,
    0,
    0,
    0,
    0,
    0,
    0,
    0,
    0,
    0,
    0,
    0,
    0,
    0,
    0,
    0,
    0,
    0,
    0,
    0,
    0,
    0,
    0,
    0,
    0,
    0,
    0,
    0,
    0,
    0,
    10,
    0,
    0,
    0,
    10,
    0,
    10,
    0,
    10,
    0,
    0,
    0,
    10,
    0,
    0,
    1,
    0,
    0,
    1,
    2,
    3,
    2,
    3,
    2,
    1,
    0,
    0,
    1,
    0,
    0,
    0,
    0,
    1,
    1,
    0,
    0,
    0,
    0,
    0,
    1,
    1,
    0,
    0,
    0,
    1,
    10,
    1,
    1,
    1,
    10,
    10,
    10,
    10,
    10,
    1,
    1,
    1,
    10,
    1,
    1,
    1,
    1,
    1,
    1,
    1,
    1,
    1,
    1,
    1,
    1,
    1,
    1,
    1,
    1
  ],
  "playerPosition": {
    "x": -6,
    "y": 2,
    "magnitude": 6.3245554,
    "sqrMagnitude": 40
  }
}